{"production_tph":10.0,"kiln_feed_tph":10.0,"separator_dp_pa":600.0284438508104,"id_fan_flow_Nm3_h":149948.64108140816,"cooler_airflow_Nm3_h":219602.46489094815,"kiln_speed_rpm":3.5,"o2_percent":3.1997945643256327,"specific_power_kwh_per_ton":11.987115422085177,"bagfilter_dp_pa_meas":1200.0085331552432,"co_ppm":42.50256794592959,"nox_mg_Nm3":650,"stack_dust_mg_Nm3":14.999486410814082}