{"snapshot":{"production_tph":10.0,"kiln_feed_tph":10.0,"separator_dp_pa":600.0163197567014,"id_fan_flow_Nm3_h":149948.5855701996,"cooler_airflow_Nm3_h":219600.67347038485,"kiln_speed_rpm":3.5,"o2_percent":3.1997943422807986,"specific_power_kwh_per_ton":11.987098056402656,"bagfilter_dp_pa_meas":1200.0048959270105,"co_ppm":42.502570721490024,"nox_mg_Nm3":650,"stack_dust_mg_Nm3":14.999485855701996},"direction":"up","delta_pct":8}