{"mode":"routine","current":{"production_tph":10.758088544987382,"kiln_feed_tph":10.79749514932591,"separator_dp_pa":659.9907337425561,"id_fan_flow_Nm3_h":155997.7504396563,"cooler_airflow_Nm3_h":237531.32894508436,"kiln_speed_rpm":3.5179055446688143,"o2_percent":3.163343918159635,"specific_power_kwh_per_ton":12.139675532239105},"predicted_after":{"specific_power_kwh_per_ton":12.018},"actions":{"apply_stage":true,"apply_all":false,"rollback":true},"proposed_setpoints":{"separator_dp_pa":639.991,"id_fan_flow_Nm3_h":152110.5,"cooler_airflow_Nm3_h":225654.762},"match_info":{"candidates_used":108}}